{"cameraMode":{"drawMode":0,"name":"Shaded","section":"Shading Mode"},"sceneLighting":true,"audioPlay":false,"sceneViewState":{"m_AlwaysRefresh":false,"showFog":true,"showSkybox":true,"showFlares":true,"showImageEffects":true,"showParticleSystems":true,"showVisualEffectGraphs":true,"m_FxEnabled":true},"in2DMode":false,"pivot":{"x":348.1469421386719,"y":758.1854248046875,"z":7.7745361328125},"rotation":{"x":0.006314579863101244,"y":0.008626248687505722,"z":-0.00007713841478107497,"w":0.9999435544013977},"size":659.941162109375,"orthographic":false}